                  epoch,             train/loss,  metrics/accuracy_top1,  metrics/accuracy_top5,               val/loss,                 lr/pg0,                 lr/pg1,                 lr/pg2
                      1,                 0.9807,                0.91829,                      1,                0.87352,             0.00023704,             0.00023704,             0.00023704
                      2,                0.49554,                0.97069,                      1,                0.80172,             0.00045152,             0.00045152,             0.00045152
                      3,                0.38875,                0.97069,                      1,                0.80691,             0.00064245,             0.00064245,             0.00064245
                      4,                0.34569,                 0.9698,                      1,                0.79368,             0.00060797,             0.00060797,             0.00060797
                      5,                 0.3146,                0.98046,                      1,                0.77977,             0.00057263,             0.00057263,             0.00057263
                      6,                0.28833,                0.97869,                      1,                0.77415,             0.00053728,             0.00053728,             0.00053728
                      7,                0.26334,                0.98401,                      1,                0.77319,             0.00050194,             0.00050194,             0.00050194
                      8,                0.24716,                 0.9778,                      1,                0.78694,              0.0004666,              0.0004666,              0.0004666
